index,module,topic,color,feed,term,created,country,ratio,counter,pages,language,ipcc,continent
'b42f77f692',extremes,Snow Avalanche,#deddd5,wmo,i-avalanche finnmarkskysten,2026-02-05T04:27:00+00:00,Norway,0.2596237957122256,1,1,zu,NEU,Europe
'd3ea8177c3',extremes,Flood,#030ba1,wmo,izikhukhula e-united states,2026-02-07T04:19:00+00:00,United States,0.259578051149759,1,1,zu,CNA,North-America
'9adb4dd6c5',extremes,Precipitation,#d60d2b,wmo,downpour ezindaweni ezimbalwa zesifunda saseruvuma.,2026-02-17T04:31:00+00:00,Tanzania,0.2594995944034493,1,1,zu,SEAF,Africa
'55b46ae31c',extremes,Storm,#b3b2b1,wmo,isivunguvungu sikhuphuka naâma,2026-02-03T04:27:00+00:00,Algeria,0.2593416852147225,1,1,zu,SAH,Africa
'7d6aaace1c',extremes,Wildfire,#d60d2b,wmo,i-wildfire india,2026-02-11T04:41:00+00:00,India,0.2593167251509349,1,1,zu,SAS,Asia
'68a565abbc',extremes,Storm,#b3b2b1,wmo,isivunguvungu surge new zealand,2026-02-14T04:21:00+00:00,New Zealand,0.2593014778347637,1,1,zu,NZ,Oceania
'14578d9922',extremes,Snow Avalanche,#deddd5,wmo,iqhwa lofoten og vesterålen,2026-02-05T04:27:00+00:00,Norway,0.2592009479269045,1,1,zu,NEU,Europe
'1c0214d974',extremes,Storm,#b3b2b1,wmo,isivunguvungu saseNingizimu Afrika,2026-02-05T04:27:00+00:00,South Africa,0.2428452759684464,7,1,zu,WSAF,Africa
'd26e5262a3',extremes,Drought,#edc291,edo,ukomisa eNingizimu Afrika,2026-02-12T04:37:00+00:00,South Africa,0.2407376913672173,4,1,zu,ESAF,Africa
'431ffd07cc',extremes,Thunderstorm,#53785a,wmo,isimo sezulu esibi estellenbosch drakenstein paarl,2026-02-09T04:39:00+00:00,South Africa,0.235669957848921,7,1,zu,WSAF,Africa
'c1c906585f',extremes,Tropical Cyclone,#4f4f4f,eonet,i-tropical cyclone 18p,2026-01-29T04:18:00+00:00,,0.2299958290215891,2,1,zu,SPO,Pacific Ocean
'93f18e9364',extremes,Heat Wave,#c40202,wmo,igagasi lokushisa i-argentina,2026-02-10T04:43:00+00:00,Argentina,0.2242560552311951,2,1,zu,SES,South-America
'02f4a27a12',extremes,Earthquake,#870007,usgs,ukuzamazama komhlaba mendi,2026-02-05T04:27:00+00:00,Papua New Guinea,0.2227801741866114,2,1,zu,SEA,Oceania
'6c6666b2af',extremes,Precipitation,#d60d2b,wmo,imvula yase-argentina,2026-02-05T04:27:00+00:00,Argentina,0.2224990377162752,2,1,zu,SES,South-America
'e6998a615e',extremes,Earthquake,#870007,usgs,i-earthquake murghob,2026-02-05T04:27:00+00:00,Tajikistan,0.2222696180770209,2,1,zu,WCA,Asia
'fc65ecc005',extremes,Cold Wave,#a7e9fa,wmo,igagasi elibandayo lasebrazil,2026-02-07T04:19:00+00:00,Brazil,0.2221089871831796,2,1,zu,SAM,South-America
'48a9733a03',extremes,Storm,#b3b2b1,wmo,isiphepho Maldives,2026-02-06T04:27:00+00:00,Maldives,0.2218632612589926,2,1,zu,EIO,Indian Ocean
'c229b0919c',extremes,Precipitation,#d60d2b,wmo,imvula saudi arabia,2026-02-06T04:27:00+00:00,Saudi Arabia,0.2218101786732882,2,1,zu,ARP,Asia
'0b40d28ca0',extremes,Snow&Ice,#d60d2b,wmo,ice canada,2026-02-06T04:27:00+00:00,Canada,0.2217929480362706,2,1,zu,NEN,North-America
'21ada6323e',extremes,Drought,#edc291,edo,ukuntuleka kwemvula azerbaijan,2026-02-05T04:28:00+00:00,Azerbaijan,0.2214505318528283,2,1,zu,WCA,Asia
'0a54633be0',extremes,Drought,#edc291,edo,ukuntuleka kwemvula eLuxembourg,2026-02-05T04:28:00+00:00,Luxembourg,0.221329707914458,2,1,zu,WCE,Europe
'422773ffe0',extremes,Heat Wave,#c40202,wmo,igagasi lokushisa endaweni engu-2 – liphakathi,2026-02-17T04:31:00+00:00,Paraguay,0.22121601992436113,2,1,zu,SES,South-America
'a63efd7f21',extremes,Heat Wave,#c40202,wmo,igagasi lokushisa i-tartagal y alrededores,2026-02-17T04:31:00+00:00,Argentina,0.22113273895980998,2,1,zu,SES,South-America
'9ceba27bb5',extremes,Heat Wave,#c40202,wmo,igagasi lokushisa lase-brazil,2026-02-03T04:27:00+00:00,Brazil,0.2211056314829374,2,1,zu,SAM,South-America
'a1f794d6b8',extremes,Storm,#b3b2b1,wmo,isivunguvungu esihlaselayo,2026-02-08T04:43:00+00:00,Algeria,0.2210482503503388,2,1,zu,SAH,Africa
'a67a1c3ce8',extremes,Storm,#b3b2b1,wmo,isiphepho esisuka e-haa alifu atoll siye e-vaavu atoll,2026-02-05T04:27:00+00:00,Maldives,0.2210148691595939,2,1,zu,EIO,Indian Ocean
'2cfcf7a5d7',extremes,Storm,#b3b2b1,wmo,isiphepho مملكة البحرين والمناطق المحيطة بها,2026-02-08T04:43:00+00:00,Bahrain,0.2209918654876417,2,1,zu,ARP,Asia
'453697199c',extremes,Storm,#b3b2b1,wmo,isiphepho ghana,2026-02-17T04:31:00+00:00,Ghana,0.22094547213555474,2,1,zu,WAF,Africa
'dbc72b57f2',extremes,Heat Wave,#c40202,wmo,igagasi lokushisa endaweni engu-1 – linzima,2026-02-17T04:31:00+00:00,Paraguay,0.2209316208567219,2,1,zu,SES,South-America
'01b678efbf',extremes,Heat Wave,#c40202,wmo,i-heat wave reg. 3 i-precordillera,2026-02-17T04:31:00+00:00,Chile,0.22093160756254052,2,1,zu,SWS,South-America
'6539cd4b6f',extremes,Precipitation,#d60d2b,wmo,imvula enkulu e-dunedin empumalanga ye-pukerangi,2026-02-17T04:31:00+00:00,New Zealand,0.22092243248335686,2,1,zu,NZ,Oceania
'5a5dd83274',extremes,Fog,#d60d2b,wmo,inkungu volgograd esifundeni,2026-02-17T04:31:00+00:00,Russia,0.22091093109175633,2,1,zu,ESB,Europe
'97a5343951',extremes,Precipitation,#d60d2b,wmo,imvula yaseSeychelles,2026-02-16T04:38:00+00:00,Seychelles,0.2208222493871361,2,1,zu,EIO,Africa
'e529bb6ac5',extremes,Precipitation,#d60d2b,wmo,imvula yase-argentina,2026-02-05T04:27:00+00:00,Argentina,0.2207861000064482,2,1,zu,SES,South-America
'dbcb53ece4',extremes,Snow&Ice,#d60d2b,wmo,iqhwa canada,2026-02-06T04:27:00+00:00,Canada,0.2207094573478577,2,1,zu,NEN,North-America
'a828348731',extremes,Storm,#b3b2b1,wmo,isiphepho ecosta Rica,2026-01-31T04:16:00+00:00,Costa Rica,0.2206860865387356,2,1,zu,SCA,North-America
'8ae180c51e',extremes,Precipitation,#d60d2b,wmo,imvula yase-brazil,2026-02-07T04:19:00+00:00,Brazil,0.2206582867312985,2,1,zu,SAM,South-America
'c6ce45829e',extremes,Storm,#b3b2b1,wmo,isiphepho eBrazil,2026-02-07T04:19:00+00:00,Brazil,0.2206571181652667,2,1,zu,SAM,South-America
'e2f2dcafbb',extremes,Storm,#b3b2b1,wmo,isivunguvungu esihlasela i-sierra sur,2026-02-12T04:37:00+00:00,Ecuador,0.2206242005926049,2,1,zu,NWS,South-America
'264992dbdd',extremes,Snow&Ice,#d60d2b,wmo,frost serbia,2026-02-08T04:43:00+00:00,Serbia,0.2206118017807884,2,1,zu,MED,Europe
'416d23061d',extremes,Snow Avalanche,#deddd5,wmo,i-avalanche jotunheimen,2026-02-05T04:27:00+00:00,Norway,0.2206046148913213,2,1,zu,NEU,Europe
'b36377911d',extremes,Storm,#b3b2b1,wmo,izifunda zokuhlasela kwesiphepho pacífico norte.,2026-02-03T04:27:00+00:00,Costa Rica,0.2205675122437537,2,1,zu,SCA,North-America
'8bc0bfe218',extremes,Precipitation,#d60d2b,wmo,imvula enamandla yase-brazil,2026-02-07T04:19:00+00:00,Brazil,0.2205535468790187,2,1,zu,SAM,South-America
'f0dc39c1d8',extremes,Storm,#b3b2b1,wmo,isiphepho sierra sur,2026-02-13T04:34:00+00:00,Ecuador,0.2205473426773827,2,1,zu,NWS,South-America
'5cb766f03d',extremes,Storm,#b3b2b1,wmo,ukuqhuma kwesiphepho endaweni yesi-2 - kumaphakathi,2026-02-01T04:41:00+00:00,Paraguay,0.2205419340652147,2,1,zu,SES,South-America
'3421a57149',extremes,Storm,#b3b2b1,wmo,isiphepho ecuador,2026-01-26T04:09:00+00:00,Ecuador,0.2205386899701055,2,1,zu,NWS,South-America
'8f29727ea9',extremes,Drought,#edc291,edo,isomiso se-equatorial Guinea,2026-02-08T04:43:00+00:00,Equatorial Guinea,0.2204981902532725,2,1,zu,WAF,Africa
'e9f2b42100',extremes,Heat Wave,#c40202,wmo,igagasi lokushisa la plata y alrededores,2026-01-27T03:58:00+00:00,Argentina,0.2204886754673518,2,1,zu,SES,South-America
'ae340540d6',extremes,Precipitation,#d60d2b,wmo,imvula yase-argentina,2026-02-05T04:27:00+00:00,Argentina,0.2204855281086243,2,1,zu,SES,South-America
'07f5003376',extremes,Storm,#b3b2b1,wmo,isiphepho ecuador continental,2026-02-13T04:34:00+00:00,Ecuador,0.2204821441434379,2,1,zu,NWS,South-America
'4cc7a6f84d',extremes,Storm,#b3b2b1,wmo,storm surge amazonía,2026-02-16T04:38:00+00:00,Ecuador,0.2204819760880551,2,1,zu,NWS,South-America
'70f072ec1c',extremes,Precipitation,#d60d2b,wmo,imvula enkulu jijel,2026-02-05T04:27:00+00:00,Algeria,0.2204716598684355,2,1,zu,SAH,Africa
'a486f7aaa7',extremes,Snow Avalanche,#deddd5,wmo,i-avalanche republic ye-adygea,2026-02-10T04:43:00+00:00,Russia,0.2204681573233518,2,1,zu,ESB,Europe
'2e5d011ec9',extremes,Heat Wave,#c40202,wmo,igagasi lokushisa le-monte caseros y alrededores,2026-01-30T04:21:00+00:00,Argentina,0.22045958744735,2,1,zu,SES,South-America
'3aa88c5699',extremes,Thunderstorm,#53785a,wmo,heil Iran,2026-02-04T04:21:00+00:00,Iran,0.2204528318749948,2,1,zu,WCA,Asia
'84a2fde8e0',extremes,Heat Wave,#c40202,wmo,igagasi lokushisa lase-australia,2026-02-05T04:27:00+00:00,Australia,0.2204435326457437,2,1,zu,CAU,Oceania
'b3c0051e90',extremes,Heat Wave,#c40202,wmo,igagasi lokushisa i-formosa y alrededores,2026-02-06T04:27:00+00:00,Argentina,0.2204382067778676,2,1,zu,SES,South-America
'9801f8158e',extremes,Precipitation,#d60d2b,wmo,imvula yase-ecuador,2026-01-28T03:56:00+00:00,Ecuador,0.2204129636725273,2,1,zu,NWS,South-America
'd98aa38709',extremes,Fog,#d60d2b,wmo,inkungu saudi arabia,2026-02-07T04:19:00+00:00,Saudi Arabia,0.2203838967782142,2,1,zu,ARP,Asia
'0077950340',extremes,Wildfire,#d60d2b,wmo,i-wildfire e-norway,2026-01-28T03:56:00+00:00,Norway,0.2203750477886237,2,1,zu,NEU,Europe
'3e989c7f7d',extremes,Precipitation,#d60d2b,wmo,imvula,2026-02-08T04:43:00+00:00,Maldives,0.2203682558245011,2,1,zu,EIO,Indian Ocean
'8bb788b602',extremes,Wildfire,#d60d2b,wmo,i-assam yomlilo wequbula,2026-02-11T04:41:00+00:00,India,0.2203565508876867,2,1,zu,SAS,Asia
'd716590c30',extremes,Storm,#b3b2b1,wmo,izifunda zesiphepho pacífico norte.,2026-01-30T04:21:00+00:00,Costa Rica,0.2203528593535998,2,1,zu,SCA,North-America
'9d4815fd24',extremes,Storm,#b3b2b1,wmo,storm amazonía,2026-02-08T04:43:00+00:00,Ecuador,0.2203327352607524,2,1,zu,NWS,South-America
'c46f2a69e5',extremes,Snow Avalanche,#deddd5,wmo,i-avalanche nord troms,2026-02-05T04:27:00+00:00,Norway,0.2203160516135301,2,1,zu,NEU,Europe
'dbb4a974dd',extremes,Storm,#b3b2b1,wmo,i-storm bosnia ne-herzegovina,2026-02-03T04:27:00+00:00,Bosnia and Herzegovina,0.2203104529919715,2,1,zu,MED,Europe
'd61de81685',extremes,Storm,#b3b2b1,wmo,isiphepho sokukhuphuka kwe-chile,2026-02-10T04:43:00+00:00,Chile,0.2203038589470112,2,1,zu,SWS,South-America
'23c3deb0ec',extremes,Precipitation,#d60d2b,wmo,downpour tanzania,2026-02-07T04:19:00+00:00,Tanzania,0.2202717220780325,2,1,zu,SEAF,Africa
'3229be0606',extremes,Snow Avalanche,#deddd5,wmo,i-avalanche Karachay cherkess republic,2026-02-05T04:27:00+00:00,Russia,0.2202656898353953,2,1,zu,ESB,Europe
'30e68a3b40',extremes,Storm,#b3b2b1,wmo,isiphepho i-litoral sierra,2026-02-08T04:43:00+00:00,Ecuador,0.2202637312575007,2,1,zu,NWS,South-America
'60c561f711',extremes,Thunderstorm,#53785a,wmo,isimo sezulu esibi e-new zealand,2026-02-11T04:41:00+00:00,New Zealand,0.2202600588673137,2,1,zu,NZ,Oceania
'80d50b76c6',extremes,Storm,#b3b2b1,wmo,isiphepho esikhulu saudi arabia,2026-02-05T04:27:00+00:00,Saudi Arabia,0.2202538477125678,2,1,zu,ARP,Asia
'ffcbb36b12',extremes,Storm,#b3b2b1,wmo,isivunguvungu surge litoral,2026-02-16T04:38:00+00:00,Ecuador,0.2202464216283732,2,1,zu,NWS,South-America
'b5362c2700',extremes,Storm,#b3b2b1,emdat,izifundazwe zesiphepho impopo,2026-02-05T04:28:00+00:00,South Africa,0.2170017404689234,4,1,zu,ESAF,Africa
'b77aed3e2e',extremes,Drought,#edc291,edo,isomiso eningizimu Afrika,2026-02-08T04:43:00+00:00,South Africa,0.2066536861585879,6,1,zu,ESAF,Africa
'6b471a0f5b',extremes,Storm,#b3b2b1,wmo,storm surge south africa,2026-02-09T04:39:00+00:00,South Africa,0.206455591509387,8,1,zu,WSAF,Africa
'aba9de13df',extremes,Wildfire,#d60d2b,wmo,i-wildfire south africa,2026-02-05T04:27:00+00:00,South Africa,0.2058405907531167,8,1,zu,WSAF,Africa
'3c909564eb',extremes,Thunderstorm,#53785a,wmo,ukuduma kwezulu ngeSonto river valley addo,2026-02-05T04:27:00+00:00,South Africa,0.2056880238138527,8,1,zu,WSAF,Africa
'd04f754034',extremes,Thunderstorm,#53785a,wmo,ukuduma kwezulu eningizimu afrika,2026-02-07T04:19:00+00:00,South Africa,0.2053200690437425,8,1,zu,WSAF,Africa
'2576b3208f',extremes,Thunderstorm,#53785a,wmo,isimo sezulu esibi kakhulu kou kamma joubertina,2026-02-10T04:43:00+00:00,South Africa,0.2050841560910285,8,1,zu,WSAF,Africa
'fa84ab2ea0',extremes,Thunderstorm,#53785a,wmo,isimo sezulu esibi eNingizimu Afrika,2026-02-07T04:19:00+00:00,South Africa,0.2021852556636692,8,1,zu,WSAF,Africa
'93760c82eb',extremes,Drought,#edc291,edo,ukoma lesotho,2026-02-06T04:28:00+00:00,Lesotho,0.2019291547773359,6,1,zu,ESAF,Africa
'7bca053da0',extremes,Thunderstorm,#53785a,wmo,isimo sezulu esibi langeberg robertson,2026-02-09T04:39:00+00:00,South Africa,0.1993518381903908,8,1,zu,WSAF,Africa
'f6374995d1',extremes,Tropical Cyclone,#4f4f4f,cmeter,​​i-tropical cyclone italy,2026-01-28T03:57:00+00:00,Italy,0.1965246350001379,3,1,zu,MED,Europe
'6f60f45443',extremes,Snow&Ice,#d60d2b,cmeter,isiphepho sasebusika sase-North american eNew York,2026-01-31T04:17:00+00:00,United States,0.1965246350001379,3,1,zu,ENA,North-America
'c660d659ce',extremes,Tropical Cyclone,#4f4f4f,eonet,​​i-tropical cyclone fytia,2026-01-31T04:16:00+00:00,,0.1957589570738122,3,1,zu,ESAF,Africa
'e921e2b0b7',extremes,Flood,#030ba1,aidr,izikhukhula ezinamandla ezivela e-ex tropical cyclone tiffany south australia 2022,2026-02-08T04:44:00+00:00,Australia,0.1942900107211898,3,1,zu,SAU,Oceania
'f314bb7747',extremes,Flood,#030ba1,aidr,izikhukhula ze-pluvial australia,2026-02-05T04:28:00+00:00,Australia,0.1941013896123718,3,1,zu,CAU,Oceania
'3296e9a239',extremes,Flood,#030ba1,aidr,imvula enkulu yase-australia,2026-02-05T04:28:00+00:00,Australia,0.1938572398945651,3,1,zu,SAU,Oceania
'eabe6169ab',extremes,Earthquake,#870007,usgs,ukuzamazama komhlaba ithonga,2026-02-05T04:27:00+00:00,Tonga,0.1937533979443821,3,1,zu,SPO,Pacific Ocean
'fc0fd225f3',extremes,Earthquake,#870007,usgs,ukuzamazama komhlaba eMyanmar,2026-02-05T04:27:00+00:00,Burma (Myanmar),0.1937080588667746,3,1,zu,SAS,Asia
'1a066ba374',extremes,Heat Wave,#c40202,acwe,ukupela okufudumele kwe-victoria,2026-01-30T04:22:00+00:00,Australia,0.1937065794418765,3,1,zu,SAU,Oceania
'f5afb20efd',extremes,Earthquake,#870007,usgs,ukuzamazama komhlaba eningizimu sandwich iziqhingi esifundeni,2026-02-05T04:27:00+00:00,,0.1936577707327675,3,1,zu,SOO,Antarctica
'65b4a087de',extremes,Earthquake,#870007,usgs,ukuzamazama komhlaba qalansīyah,2026-02-05T04:27:00+00:00,Yemen,0.1936025966121304,3,1,zu,ARS,Indian Ocean
'255621cc4c',extremes,Earthquake,#870007,usgs,ukuzamazama komhlaba,2026-01-31T04:16:00+00:00,Papua New Guinea,0.1935907782462723,3,1,zu,EPO,Pacific Ocean
'70773b5956',extremes,Earthquake,#870007,usgs,ukuzamazama komhlaba e-Alaska,2026-02-05T04:27:00+00:00,Alaska,0.1935247658959366,3,1,zu,NPO,Pacific Ocean
'5c7fcfcede',extremes,Earthquake,#870007,usgs,ukuzamazama komhlaba,2026-02-05T04:27:00+00:00,Tonga,0.1934843772434494,3,1,zu,SPO,Pacific Ocean
'23ad2bb822',extremes,Earthquake,#870007,usgs,ukuzamazama komhlaba erussia,2026-02-05T04:27:00+00:00,Russia,0.1933914571407504,3,1,zu,NPO,Pacific Ocean
'22ea11191f',extremes,Earthquake,#870007,usgs,ukuzamazama komhlaba batagay,2026-01-31T04:16:00+00:00,Russia,0.1933621571350181,3,1,zu,RAR,Europe
'628c910b11',extremes,Flood,#030ba1,aidr,izikhukhula ezikhukhula eNew south wales 2022,2026-02-01T04:41:00+00:00,Australia,0.1932553276173737,3,1,zu,EAU,Oceania
'95694d19cf',extremes,Earthquake,#870007,usgs,ukuzamazama komhlaba yemen,2026-02-05T04:27:00+00:00,Yemen,0.1932507532630402,3,1,zu,ARS,Indian Ocean
'ebe314dd99',extremes,Flood,#030ba1,aidr,izimvula ezinkulu nezikhukhula e-queensland February 2020,2026-02-08T04:44:00+00:00,Australia,0.193082893364838,3,1,zu,EAU,Oceania
'90e6558608',extremes,Earthquake,#870007,usgs,ukuzamazama komhlaba eningizimu maphakathi ne-atlantic ridge,2026-02-05T04:27:00+00:00,,0.193075229700614,3,1,zu,SAO,Atlantic Ocean
'f7921ef009',extremes,Earthquake,#870007,usgs,ukuzamazama komhlaba vilyuchinsk,2026-02-05T04:27:00+00:00,Russia,0.1929922706458107,3,1,zu,RFE,Asia
'53e17b7a15',extremes,Earthquake,#870007,usgs,ukuzamazama komhlaba houma,2026-02-05T04:27:00+00:00,Tonga,0.1929618835847207,3,1,zu,SPO,Pacific Ocean
'9a84ac4373',extremes,Tsunami,#690191,usgs,tsunami alaska,2026-02-05T04:27:00+00:00,Alaska,0.1928873696381634,3,1,zu,NPO,Pacific Ocean
'997a2e2157',extremes,Earthquake,#870007,usgs,ukuzamazama komhlaba e-argentina,2026-02-05T04:27:00+00:00,Argentina,0.1927968554652758,3,1,zu,SWS,South-America
'685995fcc4',extremes,Earthquake,#870007,usgs,ukuzamazama komhlaba entshonalanga ye-macquarie island,2026-02-05T04:27:00+00:00,,0.1926804109873533,3,1,zu,SOO,Antarctica
'ad41fee440',extremes,Earthquake,#870007,usgs,ukuzamazama komhlaba lata,2026-02-05T04:27:00+00:00,Solomon Islands,0.1922565107185786,3,1,zu,SPO,Pacific Ocean
'03f33e230d',extremes,Earthquake,#870007,usgs,Ukuzamazama komhlaba Chile,2026-02-05T04:27:00+00:00,Chile,0.192173839621167,3,1,zu,SWS,South-America
'a0068b2b6b',extremes,Flood,#030ba1,aidr,imvula yezikhukhula kanye nezikhukhula zase-queensland ngo-February 2022,2026-02-05T04:28:00+00:00,Australia,0.1920697031327264,3,1,zu,EAU,Oceania
'85a135fac3',extremes,Earthquake,#870007,usgs,ukuzamazama komhlaba ozernovskiy,2026-02-05T04:27:00+00:00,Russia,0.1920578809206433,3,1,zu,NPO,Pacific Ocean
'3894a694d1',extremes,Flood,#030ba1,aidr,i-flash flood australia,2026-02-05T04:28:00+00:00,Australia,0.1920223167223161,3,1,zu,NAU,Oceania
'34fd30e809',extremes,Earthquake,#870007,usgs,inhlekelele yokuzamazama komhlaba,2026-02-05T04:27:00+00:00,Chile,0.1919833323217538,3,1,zu,SWS,South-America
'02f56319a7',extremes,Flood,#030ba1,aidr,izikhukhula zase-australia,2026-02-05T04:28:00+00:00,Australia,0.1919517381508168,3,1,zu,EAU,Oceania
'42f9f7020d',extremes,Heat Wave,#c40202,acwe,ukupela okufudumele kwe-New south wales,2026-02-02T04:37:00+00:00,Australia,0.1918450406993863,3,1,zu,EAU,Oceania
'8710bd49ea',extremes,Earthquake,#870007,usgs,ukuzamazama komhlaba severo kuril’sk,2026-02-05T04:27:00+00:00,Russia,0.1917392142069991,3,1,zu,NPO,Pacific Ocean
'51dfc3f3e1',extremes,Earthquake,#870007,usgs,ukuzamazama komhlaba kokopo,2026-02-05T04:27:00+00:00,Papua New Guinea,0.1916570767717496,3,1,zu,EPO,Pacific Ocean
'7e7895dc7a',extremes,Earthquake,#870007,usgs,ukuzamazama komhlaba tajikistan,2026-02-05T04:27:00+00:00,Tajikistan,0.1916447896743915,3,1,zu,WCA,Asia
'aef4c7cec9',extremes,Earthquake,#870007,aidr,Ukuzamazama komhlaba christchurch new zealand 2011,2026-01-29T04:19:00+00:00,New Zealand,0.1916354870408928,3,1,zu,NZ,Oceania
'ba920c05ae',extremes,Earthquake,#870007,usgs,i-earthquake riverton,2026-02-03T04:27:00+00:00,New Zealand,0.1915225932623468,3,1,zu,NZ,Oceania
'edcb89e9c3',extremes,Earthquake,#870007,usgs,ukuzamazama komhlaba papua new guinea,2026-02-05T04:27:00+00:00,Papua New Guinea,0.1915139159425445,3,1,zu,EPO,Oceania
'3a67915e02',extremes,Earthquake,#870007,usgs,ukuzamazama komhlaba e-peru,2026-02-05T04:27:00+00:00,Peru,0.1914918356387411,3,1,zu,NWS,South-America
'17c827a010',extremes,Earthquake,#870007,usgs,ukuzamazama komhlaba japan,2026-02-05T04:27:00+00:00,Japan,0.1913455528634779,3,1,zu,EAS,Asia
'51b14c1443',extremes,Flood,#030ba1,aidr,I-flood geelong victoria 2016,2026-02-07T04:20:00+00:00,Australia,0.1911608131013134,3,1,zu,SAU,Oceania
'731557e0bc',extremes,Earthquake,#870007,usgs,ukuzamazama komhlaba timor leste,2026-02-05T04:27:00+00:00,Timor Leste,0.190948325402707,3,1,zu,SEA,Asia
'957a7a09df',extremes,Earthquake,#870007,usgs,ukuzamazama komhlaba attu station,2026-02-05T04:27:00+00:00,Alaska,0.1909122809475544,3,1,zu,NPO,Pacific Ocean
'56dca2743f',extremes,Drought,#edc291,edo,i-dry spell equatorial Guinea,2026-02-06T04:28:00+00:00,Equatorial Guinea,0.1908740455014305,3,1,zu,WAF,Africa
'aa704a9a6b',extremes,Earthquake,#870007,usgs,ukuzamazama komhlaba gizo,2026-02-02T04:36:00+00:00,Solomon Islands,0.1908221280091935,3,1,zu,EPO,Pacific Ocean
'3c0d8a70ba',extremes,Earthquake,#870007,usgs,ukuzamazama komhlaba finschhafen,2026-02-05T04:27:00+00:00,Papua New Guinea,0.1906390402700669,3,1,zu,SEA,Oceania
'1a89155ed1',extremes,Drought,#edc291,edo,ukuntuleka kwemvula sao tome and principe,2026-02-07T04:19:00+00:00,Sao Tome and Principe,0.1906365970741211,3,1,zu,WAF,Africa
'fb84c23788',extremes,Drought,#edc291,edo,dry spell lesotho,2026-02-09T04:39:00+00:00,Lesotho,0.190630875296531,4,1,zu,ESAF,Africa
'45278c4de3',extremes,Drought,#edc291,edo,isomiso esomile,2026-01-22T04:00:00+00:00,Somalia,0.1902748085534608,3,1,zu,NEAF,Africa
'fcc3f80d6b',extremes,Heat Wave,#c40202,wmo,i-heat wave paraguay,2026-01-24T03:48:00+00:00,Paraguay,0.1900097554722781,3,1,zu,SES,South-America
'221e658bfd',extremes,Drought,#edc291,edo,ukoma Luxembourg,2026-02-10T04:43:00+00:00,Luxembourg,0.1897787016600885,3,1,zu,WCE,Europe
'd3353562c0',extremes,Drought,#edc291,edo,ukoma djibouti,2026-02-06T04:28:00+00:00,Djibouti,0.189736228130194,3,1,zu,NEAF,Africa
'8ebd9f213e',extremes,Wildfire,#d60d2b,acwe,Umlilo wasehlathini eningizimu ye-australia,2026-01-27T03:59:00+00:00,Australia,0.1897204406117262,3,1,zu,SAU,Oceania
'f5b0ae8ffe',extremes,Storm,#b3b2b1,emdat,storm mpumalanga,2026-02-01T04:41:00+00:00,South Africa,0.1895323817461928,6,1,zu,ESAF,Africa
'dba9977fc1',extremes,Drought,#edc291,edo,ukuntuleka kwemvula yeziqhingi zase-faroe,2026-02-07T04:19:00+00:00,Faroe Islands,0.1894818337099811,3,1,zu,NEU,Europe
'20d3210be7',extremes,Heat Wave,#c40202,wmo,igagasi lokushisa i-bernardo de irigoyen y alrededores,2026-01-30T04:21:00+00:00,Argentina,0.1893402681441601,3,1,zu,SES,South-America
'1f1fab5693',extremes,Precipitation,#d60d2b,wmo,i-republic yemvula yase-congo,2026-02-13T04:34:00+00:00,Republic of the Congo,0.1892965444893976,3,1,zu,CAF,Africa
'7a2481f0b1',extremes,Flood,#030ba1,aidr,umfula ogcwele i-australia,2026-02-05T04:28:00+00:00,Australia,0.189272712792588,3,1,zu,SAU,Oceania
'74e664d18f',extremes,Tropical Cyclone,#4f4f4f,eonet,i-tropical cyclone 16p,2026-01-22T03:59:00+00:00,,0.1892101860296442,3,1,zu,SPO,Pacific Ocean
'0f0c46c2b9',extremes,Precipitation,#d60d2b,acwe,imvula eningizimu ye-australia,2026-01-28T03:57:00+00:00,Australia,0.1891180192165827,3,1,zu,SAU,Oceania
'd0cb3b04e6',extremes,Precipitation,#d60d2b,wmo,imvula e-ecuador,2026-01-26T04:09:00+00:00,Ecuador,0.1891151508877109,3,1,zu,NWS,South-America
'7b672dbbe2',extremes,Earthquake,#870007,usgs,Ukuzamazama komhlaba eningizimu-mpumalanga Pacific rise,2026-02-05T04:27:00+00:00,,0.1890929735811163,3,1,zu,SPO,Pacific Ocean
'676a85a2fa',extremes,Drought,#edc291,edo,ukoma sao tome and principe,2026-02-02T04:36:00+00:00,Sao Tome and Principe,0.1890855121740576,3,1,zu,WAF,Africa
'6c91162e45',extremes,Precipitation,#d60d2b,wmo,imvula e-ecuador continental,2026-02-14T04:21:00+00:00,Ecuador,0.1890170746723744,3,1,zu,NWS,South-America
'958e326b08',extremes,Earthquake,#870007,usgs,ukuzamazama komhlaba ibhonin Islands japan,2026-02-05T04:27:00+00:00,,0.1890132533408944,3,1,zu,NPO,Pacific Ocean
'29d2fdd6ce',extremes,Precipitation,#d60d2b,wmo,imvula enamandla eNew zealand,2026-02-13T04:34:00+00:00,New Zealand,0.1889779876578288,3,1,zu,NZ,Oceania
'b40495b93f',extremes,Precipitation,#d60d2b,wmo,imvula entsha zealand,2026-02-12T04:37:00+00:00,New Zealand,0.1888902525509684,3,1,zu,NZ,Oceania
'8ade601e1d',extremes,Precipitation,#d60d2b,wmo,imvula entsha yealand,2026-02-10T04:43:00+00:00,New Zealand,0.1887790769042132,3,1,zu,NZ,Oceania
'cce4634973',extremes,Drought,#edc291,edo,i-dry spell kenya,2026-02-05T04:28:00+00:00,Kenya,0.1887631360192064,3,1,zu,SEAF,Africa
'fa762f5750',extremes,Drought,#edc291,edo,ukuntuleka kwemvula lesotho,2026-01-25T04:06:00+00:00,Lesotho,0.1887411340351044,4,1,zu,ESAF,Africa
'64476ecf6f',extremes,Precipitation,#d60d2b,acwe,imvula enkulu eningizimu ye-australia,2026-01-27T03:59:00+00:00,Australia,0.1887021996282282,3,1,zu,CAU,Oceania
'cd349f2a0f',extremes,Drought,#edc291,edo,ukoma e-hong kong,2026-02-06T04:28:00+00:00,Hong Kong,0.1885734427758404,3,1,zu,EAS,Asia
'1397b5f4ed',extremes,Drought,#edc291,edo,ukomisa eNingizimu Afrika,2026-02-07T04:19:00+00:00,South Africa,0.1885603678870173,7,1,zu,ESAF,Africa
'f6ff301646',extremes,Drought,#edc291,edo,isomiso somalia,2026-02-07T04:19:00+00:00,Somalia,0.1885157530162398,3,1,zu,NEAF,Africa
'1ff36d7a46',extremes,Drought,#edc291,edo,ukoma ebelgium,2026-02-07T04:19:00+00:00,Belgium,0.1885064585236117,3,1,zu,WCE,Europe
'4ae75fc210',extremes,Precipitation,#d60d2b,wmo,imvula esaudi arabia,2026-02-05T04:27:00+00:00,Saudi Arabia,0.188375181618363,3,1,zu,ARP,Asia
'ac9b4f5444',extremes,Storm,#b3b2b1,wmo,ukuqhuma kwesiphepho e-argentina,2026-02-05T04:27:00+00:00,Argentina,0.1883556159358914,3,1,zu,SES,South-America
'893e673584',extremes,Earthquake,#870007,usgs,Ukuzamazama komhlaba emaphakathi nempumalanga Pacific rise,2026-02-05T04:27:00+00:00,,0.1883119145203669,3,1,zu,EPO,Pacific Ocean
'02711610b5',extremes,Storm,#b3b2b1,wmo,isiphepho sase-argentina,2026-02-05T04:27:00+00:00,Argentina,0.1882920394458933,3,1,zu,SES,South-America
'81c1847cf8',extremes,Snow&Ice,#d60d2b,wmo,i-frost sydney metro kanye ne-cape breton County,2026-02-16T04:38:00+00:00,Canada,0.1882658713376336,3,1,zu,NEN,North-America
'3f0fdf7387',extremes,Earthquake,#870007,usgs,ukuzamazama komhlaba i-galapagos i-triple junction region,2026-01-29T04:18:00+00:00,,0.188175886722907,3,1,zu,EPO,Pacific Ocean
'e431c24ff6',extremes,Heat Wave,#c40202,wmo,ukushisa kwe-chile,2026-02-05T04:27:00+00:00,Chile,0.188104333000974,3,1,zu,SWS,South-America
'ab8adba258',extremes,Storm,#b3b2b1,wmo,ukuqhuma kwesiphepho e-litoral provincia de huasco,2026-02-07T04:19:00+00:00,Chile,0.1880853589624751,3,1,zu,SWS,South-America
'19541fab6d',extremes,Storm,#b3b2b1,wmo,isivunguvungu sikhuphuka eFinland,2026-02-08T04:43:00+00:00,Finland,0.1880430750157138,3,1,zu,NEU,Europe
'5ebfb55f9a',extremes,Wildfire,#d60d2b,eonet,rx nueces 0577 enqunyiwe fire nueces Texas,2026-01-27T03:58:00+00:00,,0.1880072345024539,3,1,zu,NCA,North-America
'24e7169f97',extremes,Storm,#b3b2b1,wmo,isiphepho i-trinidad kanye ne-tobago,2026-02-10T04:43:00+00:00,Trinidad and Tobago,0.1879704423435719,3,1,zu,NSA,North-America
'a53b782c59',extremes,Snow&Ice,#d60d2b,wmo,i-canada eqandayo,2026-02-06T04:27:00+00:00,Canada,0.1879587230876549,3,1,zu,NEN,North-America
'e7db391dce',extremes,Storm,#b3b2b1,wmo,isiphepho esihlasela i-costa rica,2026-01-31T04:16:00+00:00,Costa Rica,0.1879471253413731,3,1,zu,SCA,North-America
'f1101350a4',extremes,Storm,#b3b2b1,wmo,isiphepho chile,2026-02-05T04:27:00+00:00,Chile,0.1879374625613,3,1,zu,SWS,South-America
'0d1e3addbf',extremes,Storm,#b3b2b1,wmo,isiphepho brazil,2026-02-08T04:43:00+00:00,Brazil,0.187895233474986,3,1,zu,SAM,South-America
'2fbb3e12ae',extremes,Heat Wave,#c40202,wmo,i-heat wave concordia y alrededores,2026-01-27T03:58:00+00:00,Argentina,0.1878745764224256,3,1,zu,SES,South-America
'a1d6f6b899',extremes,Storm,#b3b2b1,wmo,storm surge litoral sierra y amazonía,2026-02-04T04:21:00+00:00,Ecuador,0.1877829733522886,3,1,zu,NWS,South-America
'adacd65a27',extremes,Storm,#b3b2b1,wmo,isiphepho eParaguay,2026-02-13T04:34:00+00:00,Paraguay,0.18777637446018192,3,1,zu,SES,South-America
'12545c3510',extremes,Earthquake,#870007,usgs,ukuzamazama komhlaba hengchun,2026-01-27T03:58:00+00:00,Taiwan,0.1876988270001529,3,1,zu,EAS,Asia
'dbc33f3019',extremes,Snow&Ice,#d60d2b,wmo,i-frost republic yase-moldova,2026-02-05T04:27:00+00:00,Republic of Moldova,0.1876453943732982,3,1,zu,WCE,Europe
'7978d58b02',extremes,Precipitation,#d60d2b,wmo,imvula yaseBrazil,2026-02-06T04:27:00+00:00,Brazil,0.1875665094931937,3,1,zu,SAM,South-America
'5ddc2bcd1c',extremes,Snow Avalanche,#deddd5,wmo,i-avalanche russia,2026-02-05T04:27:00+00:00,Russia,0.1875120957567121,3,1,zu,ESB,Europe
'12775cc05a',extremes,Drought,#edc291,wmo,isomiso brazil,2026-02-05T04:27:00+00:00,Brazil,0.1874843227567527,3,1,zu,SAM,South-America
'e91f56dabe',extremes,Wildfire,#d60d2b,wmo,i-wildfire rogaland,2026-01-26T04:09:00+00:00,Norway,0.1874127445332573,3,1,zu,NEU,Europe
'11ece58a02',extremes,Storm,#b3b2b1,wmo,isivunguvungu esihlasela i-bahrain,2026-02-10T04:43:00+00:00,Bahrain,0.1873871236522518,3,1,zu,ARP,Asia
'82ed5705b2',extremes,Precipitation,#d60d2b,wmo,imvula enkulu ecosta rica,2026-01-30T04:21:00+00:00,Costa Rica,0.1873825696153506,3,1,zu,SCA,North-America
'994fe03563',extremes,Snow Avalanche,#deddd5,wmo,i-avalanche slovenia,2026-01-30T04:21:00+00:00,Slovenia,0.1873503566978866,3,1,zu,WCE,Europe
'fda000bba3',extremes,Storm,#b3b2b1,wmo,isivunguvungu esihlasela i-litoral y sierra,2026-02-03T04:27:00+00:00,Ecuador,0.1873216000298753,3,1,zu,NWS,South-America
'd3631dea16',extremes,Thunderstorm,#53785a,wmo,hail jamaica,2026-02-05T04:27:00+00:00,Jamaica,0.1872743955147996,3,1,zu,CAR,North-America
'55e8cccd81',extremes,Earthquake,#870007,usgs,ukuzamazama komhlaba san juan,2026-01-31T04:16:00+00:00,Peru,0.1647238206145593,4,1,zu,SWS,South-America
'44211c95de',extremes,Flood,#030ba1,aidr,i-australia yezikhukhula,2026-02-05T04:28:00+00:00,Australia,0.1646484760550573,4,1,zu,EAU,Oceania
'924236ebf8',extremes,Earthquake,#870007,usgs,ukuzamazama komhlaba yenangyaung,2026-02-05T04:27:00+00:00,Burma (Myanmar),0.16450151011257,4,1,zu,SAS,Asia
'57c3ca9f77',extremes,Earthquake,#870007,usgs,ukuzamazama komhlaba e-antarctica,2026-02-04T04:21:00+00:00,,0.1644821869455521,4,1,zu,EAN,
'40726d14cc',extremes,Tsunami,#690191,usgs,tsunami adak,2026-01-30T04:21:00+00:00,Alaska,0.1644527612212792,4,1,zu,NPO,Pacific Ocean
'381ceff412',extremes,Earthquake,#870007,usgs,ukuzamazama komhlaba kimbe,2026-01-29T04:18:00+00:00,Papua New Guinea,0.1642812699131118,4,1,zu,EPO,Pacific Ocean
'81df5b3034',extremes,Storm,#b3b2b1,aidr,isivunguvungu sasenyakatho nesydney isichotho 2017,2026-01-25T04:06:00+00:00,,0.1642147295585873,4,1,zu,EAU,Oceania
'3673682ec0',extremes,Earthquake,#870007,usgs,isifunda sesiqhingi sokuzamazama komhlaba,2026-01-28T03:56:00+00:00,,0.1641759798713715,4,1,zu,SAO,Atlantic Ocean
'3017638745',extremes,Earthquake,#870007,usgs,ukuzamazama komhlaba ust’ kamchatsk staryy,2026-02-05T04:27:00+00:00,Russia,0.1638902905971996,4,1,zu,RFE,Europe
'4e0167deb4',extremes,Tropical Cyclone,#4f4f4f,eonet,​​i-tropical cyclone 20s,2026-02-07T04:19:00+00:00,,0.1637627460789565,4,1,zu,NAU,Oceania
'0d99295f2f',extremes,Drought,#edc291,edo,ukuntuleka kwemvula yase-somalia,2026-02-06T04:28:00+00:00,Somalia,0.1619353654771031,4,1,zu,NEAF,Africa
'd389bc4f63',extremes,Earthquake,#870007,usgs,ukuzamazama komhlaba mexico,2026-02-05T04:27:00+00:00,Mexico,0.1617835603831495,4,1,zu,SCA,North-America
'f2b29262f2',extremes,Drought,#edc291,edo,i-dry spell belgium,2026-02-05T04:28:00+00:00,Belgium,0.1617168835901611,4,1,zu,WCE,Europe
'80a1b6ba6b',extremes,Drought,#edc291,edo,isomiso belgium,2026-02-06T04:28:00+00:00,Belgium,0.1616488026207828,4,1,zu,WCE,Europe
'9349bd9c5e',extremes,Drought,#edc291,edo,ukoma kwe-equatorial Guinea,2026-01-26T04:09:00+00:00,Equatorial Guinea,0.1605827206603346,4,1,zu,WAF,Africa
'0df507a059',extremes,Drought,#edc291,edo,i-dry spell azerbaijan,2026-02-06T04:28:00+00:00,Azerbaijan,0.1605783152112338,4,1,zu,WCA,Asia
'4efc1e509e',extremes,Snow Avalanche,#deddd5,wmo,i-avalanche France,2026-02-05T04:27:00+00:00,France,0.1605561075198156,4,1,zu,WCE,Europe
'be647fc7a4',extremes,Storm,#b3b2b1,wmo,isivunguvungu sokuqubuka kwe-ecuador,2026-01-27T03:58:00+00:00,Ecuador,0.1596998043872119,4,1,zu,NWS,South-America
'3c2108148e',extremes,Earthquake,#870007,usgs,ukuzamazama komhlaba isifunda samaqaba enyakatho mariana iziqhingi,2026-02-05T04:27:00+00:00,,0.1593445009578064,4,1,zu,NPO,Pacific Ocean
'521b639732',extremes,Tropical Cyclone,#4f4f4f,aidr,I-cyclone oswald queensland new south wales 2013,2026-02-05T04:28:00+00:00,Australia,0.1385739004089285,5,1,zu,NAU,Oceania
'e9cac0207d',extremes,Earthquake,#870007,usgs,ukuzamazama komhlaba eMadagascar,2026-01-29T04:18:00+00:00,Madagascar,0.1377378878181631,5,1,zu,MDG,Africa
'3a23ad42fe',extremes,Precipitation,#d60d2b,wmo,imvula enamandla yase-argentina,2026-02-05T04:27:00+00:00,Argentina,0.1357968214984195,5,1,zu,SES,South-America
'bed53cc600',extremes,Precipitation,#d60d2b,wmo,imvula yaseBrazil,2026-02-05T04:27:00+00:00,Brazil,0.1356278105141765,5,1,zu,SAM,South-America
'06972a2776',extremes,Flood,#030ba1,acwe,isikhukhula esisha eningizimu wales,2026-01-31T04:17:00+00:00,Australia,0.1180704131919561,6,1,zu,EAU,Oceania
'4ea40cfaf4',extremes,Earthquake,#870007,usgs,ukuzamazama komhlaba prince edward Islands region,2026-02-05T04:27:00+00:00,,0.10090797041492043,7,1,zu,SOO,Antarctica
'3e5f311da7',extremes,Drought,#edc291,edo,i-dry spell sao tome kanye ne-principe,2026-02-05T04:28:00+00:00,Sao Tome and Principe,0.1001773480516591,7,1,zu,WAF,Africa
